,make,fuel-type,aspiration,num-of-doors,body-style,drive-wheels,engine-location,wheel-base,length,width,height,curb-weight,engine-type,num-of-cylinders,engine-size,fuel-system,bore,stroke,compression-ratio,horsepower,peak-rpm,price,city-L/100km,highway-L/100km
0,alfa-romero,gas,std,two,convertible,rwd,front,88.6,0.8111484863046613,0.8902777777777777,0.8160535117056856,2548,dohc,four,130,mpfi,3.47,2.68,9.0,111.0,5000.0,13495,11.19047619047619,8.703703703703704
1,alfa-romero,gas,std,two,convertible,rwd,front,88.6,0.8111484863046613,0.8902777777777777,0.8160535117056856,2548,dohc,four,130,mpfi,3.47,2.68,9.0,111.0,5000.0,16500,11.19047619047619,8.703703703703704
2,alfa-romero,gas,std,two,hatchback,rwd,front,94.5,0.8226814031715521,0.9097222222222222,0.8762541806020067,2823,ohcv,six,152,mpfi,2.68,3.47,9.0,154.0,5000.0,16500,12.368421052631579,9.038461538461538
3,audi,gas,std,four,sedan,fwd,front,99.8,0.8486304661220567,0.9194444444444445,0.9080267558528428,2337,ohc,four,109,mpfi,3.19,3.4,10.0,102.0,5500.0,13950,9.791666666666666,7.833333333333333
4,audi,gas,std,four,sedan,4wd,front,99.4,0.8486304661220567,0.9222222222222223,0.9080267558528428,2824,ohc,five,136,mpfi,3.19,3.4,8.0,115.0,5500.0,17450,13.055555555555555,10.681818181818182
5,audi,gas,std,two,sedan,fwd,front,99.8,0.8519942335415667,0.9208333333333333,0.8879598662207359,2507,ohc,five,136,mpfi,3.19,3.4,8.5,110.0,5500.0,15250,12.368421052631579,9.4
6,audi,gas,std,four,sedan,fwd,front,105.8,0.9259971167707832,0.9916666666666667,0.931438127090301,2844,ohc,five,136,mpfi,3.19,3.4,8.5,110.0,5500.0,17710,12.368421052631579,9.4
7,audi,gas,std,four,wagon,fwd,front,105.8,0.9259971167707832,0.9916666666666667,0.931438127090301,2954,ohc,five,136,mpfi,3.19,3.4,8.5,110.0,5500.0,18920,12.368421052631579,9.4
8,audi,gas,turbo,four,sedan,fwd,front,105.8,0.9259971167707832,0.9916666666666667,0.9347826086956522,3086,ohc,five,131,mpfi,3.13,3.4,8.3,140.0,5500.0,23875,13.823529411764707,11.75
10,bmw,gas,std,two,sedan,rwd,front,101.2,0.849591542527631,0.8999999999999999,0.9080267558528428,2395,ohc,four,108,mpfi,3.5,2.8,8.8,101.0,5800.0,16430,10.217391304347826,8.10344827586207
11,bmw,gas,std,four,sedan,rwd,front,101.2,0.849591542527631,0.8999999999999999,0.9080267558528428,2395,ohc,four,108,mpfi,3.5,2.8,8.8,101.0,5800.0,16925,10.217391304347826,8.10344827586207
12,bmw,gas,std,two,sedan,rwd,front,101.2,0.849591542527631,0.8999999999999999,0.9080267558528428,2710,ohc,six,164,mpfi,3.31,3.19,9.0,121.0,4250.0,20970,11.19047619047619,8.392857142857142
13,bmw,gas,std,four,sedan,rwd,front,101.2,0.849591542527631,0.8999999999999999,0.9080267558528428,2765,ohc,six,164,mpfi,3.31,3.19,9.0,121.0,4250.0,21105,11.19047619047619,8.392857142857142
14,bmw,gas,std,four,sedan,rwd,front,103.5,0.9082172032676598,0.9291666666666667,0.931438127090301,3055,ohc,six,164,mpfi,3.31,3.19,9.0,121.0,4250.0,24565,11.75,9.4
15,bmw,gas,std,four,sedan,rwd,front,103.5,0.9082172032676598,0.9291666666666667,0.931438127090301,3230,ohc,six,209,mpfi,3.62,3.39,8.0,182.0,5400.0,30760,14.6875,10.681818181818182
16,bmw,gas,std,two,sedan,rwd,front,103.5,0.9312830370014417,0.9430555555555556,0.8979933110367894,3380,ohc,six,209,mpfi,3.62,3.39,8.0,182.0,5400.0,41315,14.6875,10.681818181818182
17,bmw,gas,std,four,sedan,rwd,front,110.0,0.9466602594906295,0.9847222222222223,0.9414715719063546,3505,ohc,six,209,mpfi,3.62,3.39,8.0,182.0,5400.0,36880,15.666666666666666,11.75
18,chevrolet,gas,std,two,hatchback,fwd,front,88.4,0.6780394041326285,0.8374999999999999,0.8896321070234114,1488,l,three,61,2bbl,2.91,3.03,9.5,48.0,5100.0,5151,5.0,4.433962264150943
19,chevrolet,gas,std,two,hatchback,fwd,front,94.5,0.7491590581451226,0.8833333333333333,0.8695652173913044,1874,ohc,four,90,2bbl,3.03,3.11,9.6,70.0,5400.0,6295,6.184210526315789,5.465116279069767
20,chevrolet,gas,std,four,sedan,fwd,front,94.5,0.7630946660259491,0.8833333333333333,0.8695652173913044,1909,ohc,four,90,2bbl,3.03,3.11,9.6,70.0,5400.0,6575,6.184210526315789,5.465116279069767
21,dodge,gas,std,two,hatchback,fwd,front,93.7,0.7558865929841423,0.8861111111111111,0.8494983277591973,1876,ohc,four,90,2bbl,2.97,3.23,9.41,68.0,5500.0,5572,6.351351351351352,5.7317073170731705
22,dodge,gas,std,two,hatchback,fwd,front,93.7,0.7558865929841423,0.8861111111111111,0.8494983277591973,1876,ohc,four,90,2bbl,2.97,3.23,9.4,68.0,5500.0,6377,7.580645161290323,6.184210526315789
23,dodge,gas,turbo,two,hatchback,fwd,front,93.7,0.7558865929841423,0.8861111111111111,0.8494983277591973,2128,ohc,four,98,mpfi,3.03,3.39,7.6,102.0,5500.0,7957,9.791666666666666,7.833333333333333
24,dodge,gas,std,four,hatchback,fwd,front,93.7,0.7558865929841423,0.8861111111111111,0.8461538461538463,1967,ohc,four,90,2bbl,2.97,3.23,9.4,68.0,5500.0,6229,7.580645161290323,6.184210526315789
25,dodge,gas,std,four,sedan,fwd,front,93.7,0.7558865929841423,0.8861111111111111,0.8461538461538463,1989,ohc,four,90,2bbl,2.97,3.23,9.4,68.0,5500.0,6692,7.580645161290323,6.184210526315789
26,dodge,gas,std,four,sedan,fwd,front,93.7,0.7558865929841423,0.8861111111111111,0.8461538461538463,1989,ohc,four,90,2bbl,2.97,3.23,9.4,68.0,5500.0,7609,7.580645161290323,6.184210526315789
27,dodge,gas,turbo,four,sedan,fwd,front,93.7,0.7558865929841423,0.8861111111111111,0.8461538461538463,2191,ohc,four,98,mpfi,3.03,3.39,7.6,102.0,5500.0,8558,9.791666666666666,7.833333333333333
28,dodge,gas,std,four,wagon,fwd,front,103.3,0.8390197020663143,0.8972222222222221,1.0,2535,ohc,four,122,2bbl,3.34,3.46,8.5,88.0,5000.0,8921,9.791666666666666,7.833333333333333
29,dodge,gas,turbo,two,hatchback,fwd,front,95.9,0.8322921672272945,0.9208333333333333,0.8394648829431439,2811,ohc,four,156,mfi,3.6,3.9,7.0,145.0,5000.0,12964,12.368421052631579,9.791666666666666
30,honda,gas,std,two,hatchback,fwd,front,86.6,0.6948582412301778,0.8875,0.8494983277591973,1713,ohc,four,92,1bbl,2.91,3.41,9.6,58.0,4800.0,6479,4.795918367346939,4.351851851851852
31,honda,gas,std,two,hatchback,fwd,front,86.6,0.6948582412301778,0.8875,0.8494983277591973,1819,ohc,four,92,1bbl,2.91,3.41,9.2,76.0,6000.0,6855,7.580645161290323,6.184210526315789
32,honda,gas,std,two,hatchback,fwd,front,93.7,0.7208073041806824,0.8888888888888888,0.8795986622073579,1837,ohc,four,79,1bbl,2.91,3.07,10.1,60.0,5500.0,5399,6.184210526315789,5.595238095238095
33,honda,gas,std,two,hatchback,fwd,front,93.7,0.7208073041806824,0.8888888888888888,0.8795986622073579,1940,ohc,four,92,1bbl,2.91,3.41,9.2,76.0,6000.0,6529,7.833333333333333,6.911764705882353
34,honda,gas,std,two,hatchback,fwd,front,93.7,0.7208073041806824,0.8888888888888888,0.8795986622073579,1956,ohc,four,92,1bbl,2.91,3.41,9.2,76.0,6000.0,7129,7.833333333333333,6.911764705882353
35,honda,gas,std,four,sedan,fwd,front,96.5,0.7851994233541567,0.8888888888888888,0.911371237458194,2010,ohc,four,92,1bbl,2.91,3.41,9.2,76.0,6000.0,7295,7.833333333333333,6.911764705882353
36,honda,gas,std,four,wagon,fwd,front,96.5,0.754925516578568,0.8875,0.9749163879598662,2024,ohc,four,92,1bbl,2.92,3.41,9.2,76.0,6000.0,7295,7.833333333333333,6.911764705882353
37,honda,gas,std,two,hatchback,fwd,front,96.5,0.8049014896684287,0.9055555555555556,0.8913043478260869,2236,ohc,four,110,1bbl,3.15,3.58,9.0,86.0,5800.0,7895,8.703703703703704,7.121212121212121
38,honda,gas,std,two,hatchback,fwd,front,96.5,0.8049014896684287,0.9055555555555556,0.8913043478260869,2289,ohc,four,110,1bbl,3.15,3.58,9.0,86.0,5800.0,9095,8.703703703703704,7.121212121212121
39,honda,gas,std,four,sedan,fwd,front,96.5,0.8428640076886112,0.9055555555555556,0.9046822742474917,2304,ohc,four,110,1bbl,3.15,3.58,9.0,86.0,5800.0,8845,8.703703703703704,7.121212121212121
40,honda,gas,std,four,sedan,fwd,front,96.5,0.8428640076886112,0.8680555555555556,0.9046822742474917,2372,ohc,four,110,1bbl,3.15,3.58,9.0,86.0,5800.0,10295,8.703703703703704,7.121212121212121
41,honda,gas,std,four,sedan,fwd,front,96.5,0.8428640076886112,0.9055555555555556,0.9046822742474917,2465,ohc,four,110,mpfi,3.15,3.58,9.0,101.0,5800.0,12945,9.791666666666666,8.392857142857142
42,honda,gas,std,two,sedan,fwd,front,96.5,0.8125901009130225,0.9166666666666666,0.8528428093645485,2293,ohc,four,110,2bbl,3.15,3.58,9.1,100.0,5500.0,10345,9.4,7.580645161290323
43,isuzu,gas,std,four,sedan,rwd,front,94.3,0.8202787121576165,0.8583333333333333,0.8946488294314382,2337,ohc,four,111,2bbl,3.31,3.23,8.5,78.0,4800.0,6785,9.791666666666666,8.10344827586207
46,isuzu,gas,std,two,hatchback,rwd,front,96.0,0.8294089380105718,0.9055555555555556,0.8595317725752508,2734,ohc,four,119,spfi,3.43,3.23,9.2,90.0,5000.0,11048,9.791666666666666,8.10344827586207
47,jaguar,gas,std,four,sedan,rwd,front,113.0,0.9591542527630946,0.9666666666666666,0.882943143812709,4066,dohc,six,258,mpfi,3.63,4.17,8.1,176.0,4750.0,32250,15.666666666666666,12.368421052631579
48,jaguar,gas,std,four,sedan,rwd,front,113.0,0.9591542527630946,0.9666666666666666,0.882943143812709,4066,dohc,six,258,mpfi,3.63,4.17,8.1,176.0,4750.0,35550,15.666666666666666,12.368421052631579
49,jaguar,gas,std,two,sedan,rwd,front,102.0,0.921191734742912,0.9805555555555555,0.7993311036789298,3950,ohcv,twelve,326,mpfi,3.54,2.76,11.5,262.0,5000.0,36000,18.076923076923077,13.823529411764707
50,mazda,gas,std,two,hatchback,fwd,front,93.1,0.7645362806343105,0.8916666666666667,0.9046822742474917,1890,ohc,four,91,2bbl,3.03,3.15,9.0,68.0,5000.0,5195,7.833333333333333,7.580645161290323
51,mazda,gas,std,two,hatchback,fwd,front,93.1,0.7645362806343105,0.8916666666666667,0.9046822742474917,1900,ohc,four,91,2bbl,3.03,3.15,9.0,68.0,5000.0,6095,7.580645161290323,6.184210526315789
52,mazda,gas,std,two,hatchback,fwd,front,93.1,0.7645362806343105,0.8916666666666667,0.9046822742474917,1905,ohc,four,91,2bbl,3.03,3.15,9.0,68.0,5000.0,6795,7.580645161290323,6.184210526315789
53,mazda,gas,std,four,sedan,fwd,front,93.1,0.8015377222489188,0.8916666666666667,0.9046822742474917,1945,ohc,four,91,2bbl,3.03,3.15,9.0,68.0,5000.0,6695,7.580645161290323,6.184210526315789
54,mazda,gas,std,four,sedan,fwd,front,93.1,0.8015377222489188,0.8916666666666667,0.9046822742474917,1950,ohc,four,91,2bbl,3.08,3.15,9.0,68.0,5000.0,7395,7.580645161290323,6.184210526315789
55,mazda,gas,std,two,hatchback,rwd,front,95.3,0.8121095627102355,0.9125000000000001,0.8294314381270904,2380,rotor,two,70,4bbl,3.3297512437810943,3.255422885572139,9.4,101.0,6000.0,10945,13.823529411764707,10.217391304347826
56,mazda,gas,std,two,hatchback,rwd,front,95.3,0.8121095627102355,0.9125000000000001,0.8294314381270904,2380,rotor,two,70,4bbl,3.3297512437810943,3.255422885572139,9.4,101.0,6000.0,11845,13.823529411764707,10.217391304347826
57,mazda,gas,std,two,hatchback,rwd,front,95.3,0.8121095627102355,0.9125000000000001,0.8294314381270904,2385,rotor,two,70,4bbl,3.3297512437810943,3.255422885572139,9.4,101.0,6000.0,13645,13.823529411764707,10.217391304347826
58,mazda,gas,std,two,hatchback,rwd,front,95.3,0.8121095627102355,0.9125000000000001,0.8294314381270904,2500,rotor,two,80,mpfi,3.3297512437810943,3.255422885572139,9.4,135.0,6000.0,15645,14.6875,10.217391304347826
59,mazda,gas,std,two,hatchback,fwd,front,98.8,0.8543969245555022,0.9236111111111112,0.8979933110367894,2385,ohc,four,122,2bbl,3.39,3.39,8.6,84.0,4800.0,8845,9.038461538461538,7.34375
60,mazda,gas,std,four,sedan,fwd,front,98.8,0.8543969245555022,0.9236111111111112,0.9280936454849499,2410,ohc,four,122,2bbl,3.39,3.39,8.6,84.0,4800.0,8495,9.038461538461538,7.34375
61,mazda,gas,std,two,hatchback,fwd,front,98.8,0.8543969245555022,0.9236111111111112,0.8979933110367894,2385,ohc,four,122,2bbl,3.39,3.39,8.6,84.0,4800.0,10595,9.038461538461538,7.34375
62,mazda,gas,std,four,sedan,fwd,front,98.8,0.8543969245555022,0.9236111111111112,0.9280936454849499,2410,ohc,four,122,2bbl,3.39,3.39,8.6,84.0,4800.0,10245,9.038461538461538,7.34375
63,mazda,diesel,std,four,sedan,fwd,front,98.8,0.8543969245555022,0.9236111111111112,0.9280936454849499,2443,ohc,four,122,idi,3.39,3.39,22.7,64.0,4650.0,10795,6.527777777777778,5.595238095238095
64,mazda,gas,std,four,hatchback,fwd,front,98.8,0.8543969245555022,0.9236111111111112,0.9280936454849499,2425,ohc,four,122,2bbl,3.39,3.39,8.6,84.0,4800.0,11245,9.038461538461538,7.34375
65,mazda,gas,std,four,sedan,rwd,front,104.9,0.8409418548774628,0.9180555555555555,0.9096989966555185,2670,ohc,four,140,mpfi,3.76,3.16,8.0,120.0,5000.0,18280,12.368421052631579,8.703703703703704
66,mazda,diesel,std,four,sedan,rwd,front,104.9,0.8409418548774628,0.9180555555555555,0.9096989966555185,2700,ohc,four,134,idi,3.43,3.64,22.0,72.0,4200.0,18344,7.580645161290323,6.0256410256410255
67,mercedes-benz,diesel,turbo,four,sedan,rwd,front,110.0,0.9173474291206152,0.9763888888888889,0.9448160535117057,3515,ohc,five,183,idi,3.58,3.64,21.5,123.0,4350.0,25552,10.681818181818182,9.4
68,mercedes-benz,diesel,turbo,four,wagon,rwd,front,110.0,0.9173474291206152,0.9763888888888889,0.9816053511705687,3750,ohc,five,183,idi,3.58,3.64,21.5,123.0,4350.0,28248,10.681818181818182,9.4
69,mercedes-benz,diesel,turbo,two,hardtop,rwd,front,106.7,0.9010091302258529,0.9763888888888889,0.9180602006688964,3495,ohc,five,183,idi,3.58,3.64,21.5,123.0,4350.0,28176,10.681818181818182,9.4
70,mercedes-benz,diesel,turbo,four,sedan,rwd,front,115.6,0.9735703988467083,0.9958333333333333,0.9414715719063546,3770,ohc,five,183,idi,3.58,3.64,21.5,123.0,4350.0,31600,10.681818181818182,9.4
71,mercedes-benz,gas,std,four,sedan,rwd,front,115.6,0.9735703988467083,0.9958333333333333,0.9448160535117057,3740,ohcv,eight,234,mpfi,3.46,3.1,8.3,155.0,4750.0,34184,14.6875,13.055555555555555
72,mercedes-benz,gas,std,two,convertible,rwd,front,96.6,0.8664103796251803,0.9791666666666666,0.8494983277591973,3685,ohcv,eight,234,mpfi,3.46,3.1,8.3,155.0,4750.0,35056,14.6875,13.055555555555555
73,mercedes-benz,gas,std,four,sedan,rwd,front,120.9,1.0,0.9958333333333333,0.948160535117057,3900,ohcv,eight,308,mpfi,3.8,3.35,8.0,184.0,4500.0,40960,16.785714285714285,14.6875
74,mercedes-benz,gas,std,two,hardtop,rwd,front,112.0,0.9572320999519461,1.0,0.9264214046822743,3715,ohcv,eight,304,mpfi,3.8,3.35,8.0,184.0,4500.0,45400,16.785714285714285,14.6875
75,mercury,gas,turbo,two,hatchback,rwd,front,102.7,0.857280153772225,0.9444444444444444,0.9163879598662207,2910,ohc,four,140,mpfi,3.78,3.12,8.0,175.0,5000.0,16503,12.368421052631579,9.791666666666666
76,mitsubishi,gas,std,two,hatchback,fwd,front,93.7,0.7558865929841423,0.8944444444444445,0.8494983277591973,1918,ohc,four,92,2bbl,2.97,3.23,9.4,68.0,5500.0,5389,6.351351351351352,5.7317073170731705
77,mitsubishi,gas,std,two,hatchback,fwd,front,93.7,0.7558865929841423,0.8944444444444445,0.8494983277591973,1944,ohc,four,92,2bbl,2.97,3.23,9.4,68.0,5500.0,6189,7.580645161290323,6.184210526315789
78,mitsubishi,gas,std,two,hatchback,fwd,front,93.7,0.7558865929841423,0.8944444444444445,0.8494983277591973,2004,ohc,four,92,2bbl,2.97,3.23,9.4,68.0,5500.0,6669,7.580645161290323,6.184210526315789
79,mitsubishi,gas,turbo,two,hatchback,fwd,front,93.0,0.7558865929841423,0.8861111111111111,0.8494983277591973,2145,ohc,four,98,spdi,3.03,3.39,7.6,102.0,5500.0,7689,9.791666666666666,7.833333333333333
80,mitsubishi,gas,turbo,two,hatchback,fwd,front,96.3,0.8313310908217203,0.9083333333333334,0.8260869565217391,2370,ohc,four,110,spdi,3.17,3.46,7.5,116.0,5500.0,9959,10.217391304347826,7.833333333333333
81,mitsubishi,gas,std,two,hatchback,fwd,front,96.3,0.8313310908217203,0.9083333333333334,0.8260869565217391,2328,ohc,four,122,2bbl,3.35,3.46,8.5,88.0,5000.0,8499,9.4,7.34375
82,mitsubishi,gas,turbo,two,hatchback,fwd,front,95.9,0.8322921672272945,0.9208333333333333,0.8394648829431439,2833,ohc,four,156,spdi,3.58,3.86,7.0,145.0,5000.0,12629,12.368421052631579,9.791666666666666
83,mitsubishi,gas,turbo,two,hatchback,fwd,front,95.9,0.8322921672272945,0.9208333333333333,0.8394648829431439,2921,ohc,four,156,spdi,3.59,3.86,7.0,145.0,5000.0,14869,12.368421052631579,9.791666666666666
84,mitsubishi,gas,turbo,two,hatchback,fwd,front,95.9,0.8322921672272945,0.9208333333333333,0.8394648829431439,2926,ohc,four,156,spdi,3.59,3.86,7.0,145.0,5000.0,14489,12.368421052631579,9.791666666666666
85,mitsubishi,gas,std,four,sedan,fwd,front,96.3,0.8284478616049976,0.9083333333333334,0.8628762541806021,2365,ohc,four,122,2bbl,3.35,3.46,8.5,88.0,5000.0,6989,9.4,7.34375
86,mitsubishi,gas,std,four,sedan,fwd,front,96.3,0.8284478616049976,0.9083333333333334,0.8628762541806021,2405,ohc,four,122,2bbl,3.35,3.46,8.5,88.0,5000.0,8189,9.4,7.34375
87,mitsubishi,gas,turbo,four,sedan,fwd,front,96.3,0.8284478616049976,0.9083333333333334,0.8628762541806021,2403,ohc,four,110,spdi,3.17,3.46,7.5,116.0,5500.0,9279,10.217391304347826,7.833333333333333
88,mitsubishi,gas,std,four,sedan,fwd,front,96.3,0.8284478616049976,0.9083333333333334,0.8628762541806021,2403,ohc,four,110,spdi,3.17,3.46,7.5,116.0,5500.0,9279,10.217391304347826,7.833333333333333
89,nissan,gas,std,two,sedan,fwd,front,94.5,0.794329649207112,0.8861111111111111,0.911371237458194,1889,ohc,four,97,2bbl,3.15,3.29,9.4,69.0,5200.0,5499,7.580645161290323,6.351351351351352
90,nissan,diesel,std,two,sedan,fwd,front,94.5,0.794329649207112,0.8861111111111111,0.911371237458194,2017,ohc,four,103,idi,2.99,3.47,21.9,55.0,4800.0,7099,5.222222222222222,4.7
91,nissan,gas,std,two,sedan,fwd,front,94.5,0.794329649207112,0.8861111111111111,0.911371237458194,1918,ohc,four,97,2bbl,3.15,3.29,9.4,69.0,5200.0,6649,7.580645161290323,6.351351351351352
92,nissan,gas,std,four,sedan,fwd,front,94.5,0.794329649207112,0.8861111111111111,0.911371237458194,1938,ohc,four,97,2bbl,3.15,3.29,9.4,69.0,5200.0,6849,7.580645161290323,6.351351351351352
93,nissan,gas,std,four,wagon,fwd,front,94.5,0.8178760211436809,0.8861111111111111,0.8946488294314382,2024,ohc,four,97,2bbl,3.15,3.29,9.4,69.0,5200.0,7349,7.580645161290323,6.351351351351352
94,nissan,gas,std,two,sedan,fwd,front,94.5,0.794329649207112,0.8861111111111111,0.911371237458194,1951,ohc,four,97,2bbl,3.15,3.29,9.4,69.0,5200.0,7299,7.580645161290323,6.351351351351352
95,nissan,gas,std,two,hatchback,fwd,front,94.5,0.7957712638154734,0.8861111111111111,0.8913043478260869,2028,ohc,four,97,2bbl,3.15,3.29,9.4,69.0,5200.0,7799,7.580645161290323,6.351351351351352
96,nissan,gas,std,four,sedan,fwd,front,94.5,0.794329649207112,0.8861111111111111,0.911371237458194,1971,ohc,four,97,2bbl,3.15,3.29,9.4,69.0,5200.0,7499,7.580645161290323,6.351351351351352
97,nissan,gas,std,four,wagon,fwd,front,94.5,0.8178760211436809,0.8861111111111111,0.8946488294314382,2037,ohc,four,97,2bbl,3.15,3.29,9.4,69.0,5200.0,7999,7.580645161290323,6.351351351351352
98,nissan,gas,std,two,hardtop,fwd,front,95.1,0.7803940413262855,0.8861111111111111,0.8913043478260869,2008,ohc,four,97,2bbl,3.15,3.29,9.4,69.0,5200.0,8249,7.580645161290323,6.351351351351352
99,nissan,gas,std,four,hatchback,fwd,front,97.2,0.8332532436328689,0.9055555555555556,0.9147157190635452,2324,ohc,four,120,2bbl,3.33,3.47,8.5,97.0,5200.0,8949,8.703703703703704,6.911764705882353
100,nissan,gas,std,four,sedan,fwd,front,97.2,0.8332532436328689,0.9055555555555556,0.9147157190635452,2302,ohc,four,120,2bbl,3.33,3.47,8.5,97.0,5200.0,9549,8.703703703703704,6.911764705882353
101,nissan,gas,std,four,sedan,fwd,front,100.4,0.8731379144641999,0.9236111111111112,0.9214046822742475,3095,ohcv,six,181,mpfi,3.43,3.27,9.0,152.0,5200.0,13499,13.823529411764707,10.681818181818182
102,nissan,gas,std,four,wagon,fwd,front,100.4,0.8870735223450265,0.9236111111111112,0.9381270903010034,3296,ohcv,six,181,mpfi,3.43,3.27,9.0,152.0,5200.0,14399,13.823529411764707,10.681818181818182
103,nissan,gas,std,four,sedan,fwd,front,100.4,0.8870735223450265,0.9236111111111112,0.9214046822742475,3060,ohcv,six,181,mpfi,3.43,3.27,9.0,152.0,5200.0,13499,12.368421052631579,9.4
104,nissan,gas,std,two,hatchback,rwd,front,91.3,0.8202787121576165,0.9430555555555556,0.831103678929766,3071,ohcv,six,181,mpfi,3.43,3.27,9.0,160.0,5200.0,17199,12.368421052631579,9.4
105,nissan,gas,turbo,two,hatchback,rwd,front,91.3,0.8202787121576165,0.9430555555555556,0.831103678929766,3139,ohcv,six,181,mpfi,3.43,3.27,7.8,200.0,5200.0,19699,13.823529411764707,10.217391304347826
106,nissan,gas,std,two,hatchback,rwd,front,99.2,0.857760691975012,0.9430555555555556,0.831103678929766,3139,ohcv,six,181,mpfi,3.43,3.27,9.0,160.0,5200.0,18399,12.368421052631579,9.4
107,peugot,gas,std,four,sedan,rwd,front,107.9,0.897164824603556,0.9500000000000001,0.948160535117057,3020,l,four,120,mpfi,3.46,3.19,8.4,97.0,5000.0,11900,12.368421052631579,9.791666666666666
108,peugot,diesel,turbo,four,sedan,rwd,front,107.9,0.897164824603556,0.9500000000000001,0.948160535117057,3197,l,four,152,idi,3.7,3.52,21.0,95.0,4150.0,13200,8.392857142857142,7.121212121212121
109,peugot,gas,std,four,wagon,rwd,front,114.2,0.9557904853435849,0.9500000000000001,0.9816053511705687,3230,l,four,120,mpfi,3.46,3.19,8.4,97.0,5000.0,12440,12.368421052631579,9.791666666666666
110,peugot,diesel,turbo,four,wagon,rwd,front,114.2,0.9557904853435849,0.9500000000000001,0.9816053511705687,3430,l,four,152,idi,3.7,3.52,21.0,95.0,4150.0,13860,9.4,9.4
111,peugot,gas,std,four,sedan,rwd,front,107.9,0.897164824603556,0.9500000000000001,0.948160535117057,3075,l,four,120,mpfi,3.46,2.19,8.4,95.0,5000.0,15580,12.368421052631579,9.791666666666666
112,peugot,diesel,turbo,four,sedan,rwd,front,107.9,0.897164824603556,0.9500000000000001,0.948160535117057,3252,l,four,152,idi,3.7,3.52,21.0,95.0,4150.0,16900,8.392857142857142,7.121212121212121
113,peugot,gas,std,four,wagon,rwd,front,114.2,0.9557904853435849,0.9500000000000001,0.948160535117057,3285,l,four,120,mpfi,3.46,2.19,8.4,95.0,5000.0,16695,12.368421052631579,9.791666666666666
114,peugot,diesel,turbo,four,wagon,rwd,front,114.2,0.9557904853435849,0.9500000000000001,0.9816053511705687,3485,l,four,152,idi,3.7,3.52,21.0,95.0,4150.0,17075,9.4,9.4
115,peugot,gas,std,four,sedan,rwd,front,107.9,0.897164824603556,0.9500000000000001,0.948160535117057,3075,l,four,120,mpfi,3.46,3.19,8.4,97.0,5000.0,16630,12.368421052631579,9.791666666666666
116,peugot,diesel,turbo,four,sedan,rwd,front,107.9,0.897164824603556,0.9500000000000001,0.948160535117057,3252,l,four,152,idi,3.7,3.52,21.0,95.0,4150.0,17950,8.392857142857142,7.121212121212121
117,peugot,gas,turbo,four,sedan,rwd,front,108.0,0.897164824603556,0.9486111111111111,0.9364548494983278,3130,l,four,134,mpfi,3.61,3.21,7.0,142.0,5600.0,18150,13.055555555555555,9.791666666666666
118,plymouth,gas,std,two,hatchback,fwd,front,93.7,0.7558865929841423,0.8861111111111111,0.8494983277591973,1918,ohc,four,90,2bbl,2.97,3.23,9.4,68.0,5500.0,5572,6.351351351351352,5.7317073170731705
119,plymouth,gas,turbo,two,hatchback,fwd,front,93.7,0.7558865929841423,0.8861111111111111,0.8494983277591973,2128,ohc,four,98,spdi,3.03,3.39,7.6,102.0,5500.0,7957,9.791666666666666,7.833333333333333
120,plymouth,gas,std,four,hatchback,fwd,front,93.7,0.7558865929841423,0.8861111111111111,0.8461538461538463,1967,ohc,four,90,2bbl,2.97,3.23,9.4,68.0,5500.0,6229,7.580645161290323,6.184210526315789
121,plymouth,gas,std,four,sedan,fwd,front,93.7,0.8039404132628545,0.8861111111111111,0.8494983277591973,1989,ohc,four,90,2bbl,2.97,3.23,9.4,68.0,5500.0,6692,7.580645161290323,6.184210526315789
122,plymouth,gas,std,four,sedan,fwd,front,93.7,0.8039404132628545,0.8861111111111111,0.8494983277591973,2191,ohc,four,98,2bbl,2.97,3.23,9.4,68.0,5500.0,7609,7.580645161290323,6.184210526315789
123,plymouth,gas,std,four,wagon,fwd,front,103.3,0.8390197020663143,0.8972222222222221,1.0,2535,ohc,four,122,2bbl,3.35,3.46,8.5,88.0,5000.0,8921,9.791666666666666,7.833333333333333
124,plymouth,gas,turbo,two,hatchback,rwd,front,95.9,0.8322921672272945,0.9208333333333333,0.8394648829431439,2818,ohc,four,156,spdi,3.59,3.86,7.0,145.0,5000.0,12764,12.368421052631579,9.791666666666666
125,porsche,gas,std,two,hatchback,rwd,front,94.5,0.8116290245074483,0.9486111111111111,0.8394648829431439,2778,ohc,four,151,mpfi,3.94,3.11,9.5,143.0,5500.0,22018,12.368421052631579,8.703703703703704
126,porsche,gas,std,two,hardtop,rwd,rear,89.5,0.8116290245074483,0.9027777777777778,0.8628762541806021,2756,ohcf,six,194,mpfi,3.74,2.9,9.5,207.0,5900.0,32528,13.823529411764707,9.4
127,porsche,gas,std,two,hardtop,rwd,rear,89.5,0.8116290245074483,0.9027777777777778,0.8628762541806021,2756,ohcf,six,194,mpfi,3.74,2.9,9.5,207.0,5900.0,34028,13.823529411764707,9.4
128,porsche,gas,std,two,convertible,rwd,rear,89.5,0.8116290245074483,0.9027777777777778,0.8628762541806021,2800,ohcf,six,194,mpfi,3.74,2.9,9.5,207.0,5900.0,37028,13.823529411764707,9.4
132,saab,gas,std,two,hatchback,fwd,front,99.1,0.8966842864007688,0.9236111111111112,0.9381270903010034,2658,ohc,four,121,mpfi,3.54,3.07,9.31,110.0,5250.0,11850,11.19047619047619,8.392857142857142
133,saab,gas,std,four,sedan,fwd,front,99.1,0.8966842864007688,0.9236111111111112,0.9381270903010034,2695,ohc,four,121,mpfi,3.54,3.07,9.3,110.0,5250.0,12170,11.19047619047619,8.392857142857142
134,saab,gas,std,two,hatchback,fwd,front,99.1,0.8966842864007688,0.9236111111111112,0.9381270903010034,2707,ohc,four,121,mpfi,2.54,2.07,9.3,110.0,5250.0,15040,11.19047619047619,8.392857142857142
135,saab,gas,std,four,sedan,fwd,front,99.1,0.8966842864007688,0.9236111111111112,0.9381270903010034,2758,ohc,four,121,mpfi,3.54,3.07,9.3,110.0,5250.0,15510,11.19047619047619,8.392857142857142
136,saab,gas,turbo,two,hatchback,fwd,front,99.1,0.8966842864007688,0.9236111111111112,0.9381270903010034,2808,dohc,four,121,mpfi,3.54,3.07,9.0,160.0,5500.0,18150,12.368421052631579,9.038461538461538
137,saab,gas,turbo,four,sedan,fwd,front,99.1,0.8966842864007688,0.9236111111111112,0.9381270903010034,2847,dohc,four,121,mpfi,3.54,3.07,9.0,160.0,5500.0,18620,12.368421052631579,9.038461538461538
138,subaru,gas,std,two,hatchback,fwd,front,93.7,0.7539644401729938,0.8805555555555555,0.8979933110367894,2050,ohcf,four,97,2bbl,3.62,2.36,9.0,69.0,4900.0,5118,7.580645161290323,6.527777777777778
139,subaru,gas,std,two,hatchback,fwd,front,93.7,0.758769822200865,0.8833333333333333,0.8979933110367894,2120,ohcf,four,108,2bbl,3.62,2.64,8.7,73.0,4400.0,7053,9.038461538461538,7.580645161290323
140,subaru,gas,std,two,hatchback,4wd,front,93.3,0.7558865929841423,0.8861111111111111,0.931438127090301,2240,ohcf,four,108,2bbl,3.62,2.64,8.7,73.0,4400.0,7603,9.038461538461538,7.580645161290323
141,subaru,gas,std,four,sedan,fwd,front,97.2,0.8265257087938491,0.9083333333333334,0.8779264214046824,2145,ohcf,four,108,2bbl,3.62,2.64,9.5,82.0,4800.0,7126,7.34375,6.351351351351352
142,subaru,gas,std,four,sedan,fwd,front,97.2,0.8265257087938491,0.9083333333333334,0.8779264214046824,2190,ohcf,four,108,2bbl,3.62,2.64,9.5,82.0,4400.0,7775,8.392857142857142,7.121212121212121
143,subaru,gas,std,four,sedan,fwd,front,97.2,0.8265257087938491,0.9083333333333334,0.8779264214046824,2340,ohcf,four,108,mpfi,3.62,2.64,9.0,94.0,5200.0,9960,9.038461538461538,7.34375
144,subaru,gas,std,four,sedan,4wd,front,97.0,0.8265257087938491,0.9083333333333334,0.9080267558528428,2385,ohcf,four,108,2bbl,3.62,2.64,9.0,82.0,4800.0,9233,9.791666666666666,9.4
145,subaru,gas,turbo,four,sedan,4wd,front,97.0,0.8265257087938491,0.9083333333333334,0.9080267558528428,2510,ohcf,four,108,mpfi,3.62,2.64,7.7,111.0,4800.0,11259,9.791666666666666,8.10344827586207
146,subaru,gas,std,four,wagon,fwd,front,97.0,0.8337337818356559,0.9083333333333334,0.8862876254180603,2290,ohcf,four,108,2bbl,3.62,2.64,9.0,82.0,4800.0,7463,8.392857142857142,7.34375
147,subaru,gas,std,four,wagon,fwd,front,97.0,0.8337337818356559,0.9083333333333334,0.8862876254180603,2455,ohcf,four,108,mpfi,3.62,2.64,9.0,94.0,5200.0,10198,9.4,7.580645161290323
148,subaru,gas,std,four,wagon,4wd,front,96.9,0.8342143200384431,0.9083333333333334,0.9180602006688964,2420,ohcf,four,108,2bbl,3.62,2.64,9.0,82.0,4800.0,8013,10.217391304347826,8.10344827586207
149,subaru,gas,turbo,four,wagon,4wd,front,96.9,0.8342143200384431,0.9083333333333334,0.9180602006688964,2650,ohcf,four,108,mpfi,3.62,2.64,7.7,111.0,4800.0,11694,10.217391304347826,10.217391304347826
150,toyota,gas,std,two,hatchback,fwd,front,95.7,0.762614127823162,0.8833333333333333,0.911371237458194,1985,ohc,four,92,2bbl,3.05,3.03,9.0,62.0,4800.0,5348,6.714285714285714,6.0256410256410255
151,toyota,gas,std,two,hatchback,fwd,front,95.7,0.762614127823162,0.8833333333333333,0.911371237458194,2040,ohc,four,92,2bbl,3.05,3.03,9.0,62.0,4800.0,6338,7.580645161290323,6.184210526315789
152,toyota,gas,std,four,hatchback,fwd,front,95.7,0.762614127823162,0.8833333333333333,0.911371237458194,2015,ohc,four,92,2bbl,3.05,3.03,9.0,62.0,4800.0,6488,7.580645161290323,6.184210526315789
153,toyota,gas,std,four,wagon,fwd,front,95.7,0.8154733301297453,0.8833333333333333,0.988294314381271,2280,ohc,four,92,2bbl,3.05,3.03,9.0,62.0,4800.0,6918,7.580645161290323,6.351351351351352
154,toyota,gas,std,four,wagon,4wd,front,95.7,0.8154733301297453,0.8833333333333333,0.988294314381271,2290,ohc,four,92,2bbl,3.05,3.03,9.0,62.0,4800.0,7898,8.703703703703704,7.34375
155,toyota,gas,std,four,wagon,4wd,front,95.7,0.8154733301297453,0.8833333333333333,0.988294314381271,3110,ohc,four,92,2bbl,3.05,3.03,9.0,62.0,4800.0,8778,8.703703703703704,7.34375
156,toyota,gas,std,four,sedan,fwd,front,95.7,0.7991350312349833,0.8944444444444445,0.8862876254180603,2081,ohc,four,98,2bbl,3.19,3.03,9.0,70.0,4800.0,6938,7.833333333333333,6.351351351351352
157,toyota,gas,std,four,hatchback,fwd,front,95.7,0.7991350312349833,0.8944444444444445,0.882943143812709,2109,ohc,four,98,2bbl,3.19,3.03,9.0,70.0,4800.0,7198,7.833333333333333,6.351351351351352
158,toyota,diesel,std,four,sedan,fwd,front,95.7,0.7991350312349833,0.8944444444444445,0.8862876254180603,2275,ohc,four,110,idi,3.27,3.35,22.5,56.0,4500.0,7898,6.911764705882353,6.527777777777778
159,toyota,diesel,std,four,hatchback,fwd,front,95.7,0.7991350312349833,0.8944444444444445,0.882943143812709,2275,ohc,four,110,idi,3.27,3.35,22.5,56.0,4500.0,7788,6.184210526315789,5.0
160,toyota,gas,std,four,sedan,fwd,front,95.7,0.7991350312349833,0.8944444444444445,0.8862876254180603,2094,ohc,four,98,2bbl,3.19,3.03,9.0,70.0,4800.0,7738,6.184210526315789,5.0
161,toyota,gas,std,four,hatchback,fwd,front,95.7,0.7991350312349833,0.8944444444444445,0.882943143812709,2122,ohc,four,98,2bbl,3.19,3.03,9.0,70.0,4800.0,8358,8.392857142857142,6.911764705882353
162,toyota,gas,std,four,sedan,fwd,front,95.7,0.7991350312349833,0.8944444444444445,0.882943143812709,2140,ohc,four,98,2bbl,3.19,3.03,9.0,70.0,4800.0,9258,8.392857142857142,6.911764705882353
163,toyota,gas,std,two,sedan,rwd,front,94.5,0.810667948101874,0.8888888888888888,0.8795986622073579,2169,ohc,four,98,2bbl,3.19,3.03,9.0,70.0,4800.0,8058,8.10344827586207,6.911764705882353
164,toyota,gas,std,two,hatchback,rwd,front,94.5,0.810667948101874,0.8888888888888888,0.8795986622073579,2204,ohc,four,98,2bbl,3.19,3.03,9.0,70.0,4800.0,8238,8.10344827586207,6.911764705882353
165,toyota,gas,std,two,sedan,rwd,front,94.5,0.810667948101874,0.8888888888888888,0.8795986622073579,2265,dohc,four,98,mpfi,3.24,3.08,9.4,112.0,6600.0,9298,9.038461538461538,8.10344827586207
166,toyota,gas,std,two,hatchback,rwd,front,94.5,0.810667948101874,0.8888888888888888,0.8795986622073579,2300,dohc,four,98,mpfi,3.24,3.08,9.4,112.0,6600.0,9538,9.038461538461538,8.10344827586207
167,toyota,gas,std,two,hardtop,rwd,front,98.4,0.8467083133109082,0.911111111111111,0.8695652173913044,2540,ohc,four,146,mpfi,3.62,3.5,9.3,116.0,4800.0,8449,9.791666666666666,7.833333333333333
168,toyota,gas,std,two,hardtop,rwd,front,98.4,0.8467083133109082,0.911111111111111,0.8695652173913044,2536,ohc,four,146,mpfi,3.62,3.5,9.3,116.0,4800.0,9639,9.791666666666666,7.833333333333333
169,toyota,gas,std,two,hatchback,rwd,front,98.4,0.8467083133109082,0.911111111111111,0.8695652173913044,2551,ohc,four,146,mpfi,3.62,3.5,9.3,116.0,4800.0,9989,9.791666666666666,7.833333333333333
170,toyota,gas,std,two,hardtop,rwd,front,98.4,0.8467083133109082,0.911111111111111,0.8695652173913044,2679,ohc,four,146,mpfi,3.62,3.5,9.3,116.0,4800.0,11199,9.791666666666666,7.833333333333333
171,toyota,gas,std,two,hatchback,rwd,front,98.4,0.8467083133109082,0.911111111111111,0.8695652173913044,2714,ohc,four,146,mpfi,3.62,3.5,9.3,116.0,4800.0,11549,9.791666666666666,7.833333333333333
172,toyota,gas,std,two,convertible,rwd,front,98.4,0.8467083133109082,0.911111111111111,0.8862876254180603,2975,ohc,four,146,mpfi,3.62,3.5,9.3,116.0,4800.0,17669,9.791666666666666,7.833333333333333
173,toyota,gas,std,four,sedan,fwd,front,102.4,0.8438250840941854,0.9236111111111112,0.9180602006688964,2326,ohc,four,122,mpfi,3.31,3.54,8.7,92.0,4200.0,8948,8.10344827586207,6.911764705882353
174,toyota,diesel,turbo,four,sedan,fwd,front,102.4,0.8438250840941854,0.9236111111111112,0.9180602006688964,2480,ohc,four,110,idi,3.27,3.35,22.5,73.0,4500.0,10698,7.833333333333333,7.121212121212121
175,toyota,gas,std,four,hatchback,fwd,front,102.4,0.8438250840941854,0.9236111111111112,0.9013377926421405,2414,ohc,four,122,mpfi,3.31,3.54,8.7,92.0,4200.0,9988,8.703703703703704,7.34375
176,toyota,gas,std,four,sedan,fwd,front,102.4,0.8438250840941854,0.9236111111111112,0.9180602006688964,2414,ohc,four,122,mpfi,3.31,3.54,8.7,92.0,4200.0,10898,8.703703703703704,7.34375
177,toyota,gas,std,four,hatchback,fwd,front,102.4,0.8438250840941854,0.9236111111111112,0.9013377926421405,2458,ohc,four,122,mpfi,3.31,3.54,8.7,92.0,4200.0,11248,8.703703703703704,7.34375
178,toyota,gas,std,two,hatchback,rwd,front,102.9,0.8817876021143681,0.9402777777777778,0.8695652173913044,2976,dohc,six,171,mpfi,3.27,3.35,9.3,161.0,5200.0,16558,11.75,9.791666666666666
179,toyota,gas,std,two,hatchback,rwd,front,102.9,0.8817876021143681,0.9402777777777778,0.8695652173913044,3016,dohc,six,171,mpfi,3.27,3.35,9.3,161.0,5200.0,15998,12.368421052631579,9.791666666666666
180,toyota,gas,std,four,sedan,rwd,front,104.5,0.9024507448342144,0.9236111111111112,0.9046822742474917,3131,dohc,six,171,mpfi,3.27,3.35,9.2,156.0,5200.0,15690,11.75,9.791666666666666
181,toyota,gas,std,four,wagon,rwd,front,104.5,0.9024507448342144,0.9236111111111112,0.9046822742474917,3151,dohc,six,161,mpfi,3.27,3.35,9.2,156.0,5200.0,15750,12.368421052631579,9.791666666666666
182,volkswagen,diesel,std,two,sedan,fwd,front,97.3,0.8250840941854877,0.9097222222222222,0.931438127090301,2261,ohc,four,97,idi,3.01,3.4,23.0,52.0,4800.0,7775,6.351351351351352,5.108695652173913
183,volkswagen,gas,std,two,sedan,fwd,front,97.3,0.8250840941854877,0.9097222222222222,0.931438127090301,2209,ohc,four,109,mpfi,3.19,3.4,9.0,85.0,5250.0,7975,8.703703703703704,6.911764705882353
184,volkswagen,diesel,std,four,sedan,fwd,front,97.3,0.8250840941854877,0.9097222222222222,0.931438127090301,2264,ohc,four,97,idi,3.01,3.4,23.0,52.0,4800.0,7995,6.351351351351352,5.108695652173913
185,volkswagen,gas,std,four,sedan,fwd,front,97.3,0.8250840941854877,0.9097222222222222,0.931438127090301,2212,ohc,four,109,mpfi,3.19,3.4,9.0,85.0,5250.0,8195,8.703703703703704,6.911764705882353
186,volkswagen,gas,std,four,sedan,fwd,front,97.3,0.8250840941854877,0.9097222222222222,0.931438127090301,2275,ohc,four,109,mpfi,3.19,3.4,9.0,85.0,5250.0,8495,8.703703703703704,6.911764705882353
187,volkswagen,diesel,turbo,four,sedan,fwd,front,97.3,0.8250840941854877,0.9097222222222222,0.931438127090301,2319,ohc,four,97,idi,3.01,3.4,23.0,68.0,4500.0,9495,6.351351351351352,5.595238095238095
188,volkswagen,gas,std,four,sedan,fwd,front,97.3,0.8250840941854877,0.9097222222222222,0.931438127090301,2300,ohc,four,109,mpfi,3.19,3.4,10.0,100.0,5500.0,9995,9.038461538461538,7.34375
189,volkswagen,gas,std,two,convertible,fwd,front,94.5,0.7654973570398848,0.8916666666666667,0.9297658862876255,2254,ohc,four,109,mpfi,3.19,3.4,8.5,90.0,5500.0,11595,9.791666666666666,8.10344827586207
190,volkswagen,gas,std,two,hatchback,fwd,front,94.5,0.7962518020182604,0.8888888888888888,0.8595317725752508,2221,ohc,four,109,mpfi,3.19,3.4,8.5,90.0,5500.0,9980,9.791666666666666,8.10344827586207
191,volkswagen,gas,std,four,sedan,fwd,front,100.4,0.865929841422393,0.9291666666666667,0.9214046822742475,2661,ohc,five,136,mpfi,3.19,3.4,8.5,110.0,5500.0,13295,12.368421052631579,9.791666666666666
192,volkswagen,diesel,turbo,four,sedan,fwd,front,100.4,0.865929841422393,0.9291666666666667,0.9214046822742475,2579,ohc,four,97,idi,3.01,3.4,23.0,68.0,4500.0,13845,7.121212121212121,6.184210526315789
193,volkswagen,gas,std,four,wagon,fwd,front,100.4,0.8798654493032196,0.9291666666666667,0.9214046822742475,2563,ohc,four,109,mpfi,3.19,3.4,9.0,88.0,5500.0,12290,9.4,7.580645161290323
194,volvo,gas,std,four,sedan,rwd,front,104.3,0.9072561268620856,0.9333333333333333,0.939799331103679,2912,ohc,four,141,mpfi,3.78,3.15,9.5,114.0,5400.0,12940,10.217391304347826,8.392857142857142
195,volvo,gas,std,four,wagon,rwd,front,104.3,0.9072561268620856,0.9333333333333333,0.9615384615384616,3034,ohc,four,141,mpfi,3.78,3.15,9.5,114.0,5400.0,13415,10.217391304347826,8.392857142857142
196,volvo,gas,std,four,sedan,rwd,front,104.3,0.9072561268620856,0.9333333333333333,0.939799331103679,2935,ohc,four,141,mpfi,3.78,3.15,9.5,114.0,5400.0,15985,9.791666666666666,8.392857142857142
197,volvo,gas,std,four,wagon,rwd,front,104.3,0.9072561268620856,0.9333333333333333,0.9615384615384616,3042,ohc,four,141,mpfi,3.78,3.15,9.5,114.0,5400.0,16515,9.791666666666666,8.392857142857142
198,volvo,gas,turbo,four,sedan,rwd,front,104.3,0.9072561268620856,0.9333333333333333,0.939799331103679,3045,ohc,four,130,mpfi,3.62,3.15,7.5,162.0,5100.0,18420,13.823529411764707,10.681818181818182
199,volvo,gas,turbo,four,wagon,rwd,front,104.3,0.9072561268620856,0.9333333333333333,0.9615384615384616,3157,ohc,four,130,mpfi,3.62,3.15,7.5,162.0,5100.0,18950,13.823529411764707,10.681818181818182
200,volvo,gas,std,four,sedan,rwd,front,109.1,0.9072561268620856,0.9569444444444445,0.9280936454849499,2952,ohc,four,141,mpfi,3.78,3.15,9.5,114.0,5400.0,16845,10.217391304347826,8.392857142857142
201,volvo,gas,turbo,four,sedan,rwd,front,109.1,0.9072561268620856,0.9555555555555555,0.9280936454849499,3049,ohc,four,141,mpfi,3.78,3.15,8.7,160.0,5300.0,19045,12.368421052631579,9.4
202,volvo,gas,std,four,sedan,rwd,front,109.1,0.9072561268620856,0.9569444444444445,0.9280936454849499,3012,ohcv,six,173,mpfi,3.58,2.87,8.8,134.0,5500.0,21485,13.055555555555555,10.217391304347826
203,volvo,diesel,turbo,four,sedan,rwd,front,109.1,0.9072561268620856,0.9569444444444445,0.9280936454849499,3217,ohc,six,145,idi,3.01,3.4,23.0,106.0,4800.0,22470,9.038461538461538,8.703703703703704
204,volvo,gas,turbo,four,sedan,rwd,front,109.1,0.9072561268620856,0.9569444444444445,0.9280936454849499,3062,ohc,four,141,mpfi,3.78,3.15,9.5,114.0,5400.0,22625,12.368421052631579,9.4
